path,product_id,product_type,role,resolution,usable,notes,pixel_resolution,upper_left_latitude,upper_left_longitude,upper_right_latitude,upper_right_longitude,lower_left_latitude,lower_left_longitude,lower_right_latitude,lower_right_longitude,width,height,crs,sample_p02,sample_p50,sample_p98
C:\Users\nsraw\Downloads\tantra-mantra\ch2_ohr_ncp_20211228T2209123959_d_img_d18_Bundle\ch2_ohr_ncp_20211228T2209123959_d_img_d18.zip,ch2_ohr_ncp_20211228T2209123959_d_img_d18,OHRC zip bundle,optical / hazard interpretation,0.28 m/pixel,yes - browse/context; IMG requires extraction/PDS handling,"1 IMG, 3 XML, 1 browse PNG inside zip",0.28,-89.923132,55.564452,-89.850542,110.41603,-89.257559,233.745958,-89.252796,224.351932,,,,,,
C:\Users\nsraw\Downloads\tantra-mantra\ch2_ohr_ncp_20211228T2209123959_d_img_d18_Bundle\ch2_ohr_ncp_20241115T1326321339_d_img_d18.zip,ch2_ohr_ncp_20241115T1326321339_d_img_d18,OHRC zip bundle,optical / hazard interpretation,0.24 m/pixel,yes - browse/context; IMG requires extraction/PDS handling,"1 IMG, 3 XML, 1 browse PNG inside zip",0.24,-89.19986,222.259328,-89.20906,229.728973,-89.908842,110.268353,-89.946885,22.453651,,,,,,
C:\Users\nsraw\Downloads\tantra-mantra\ch2_ohr_ncp_20211228T2209123959_d_img_d18_Bundle\ch2_ohr_ncp_20241115T1525004388_d_img_d18.zip,ch2_ohr_ncp_20241115T1525004388_d_img_d18,OHRC zip bundle,optical / hazard interpretation,0.24 m/pixel,yes - browse/context; IMG requires extraction/PDS handling,"1 IMG, 3 XML, 1 browse PNG inside zip",0.24,-89.196875,221.909032,-89.193425,229.33004,-89.917686,105.92217,-89.950601,4.686608,,,,,,
C:\Users\nsraw\Downloads\tantra-mantra\ch2_ohr_ncp_20211228T2209123959_d_img_d18_Bundle\ch2_ohr_ncp_20251010T0942085687_d_img_d18.zip,ch2_ohr_ncp_20251010T0942085687_d_img_d18,OHRC zip bundle,optical / hazard interpretation,0.22 m/pixel,yes - browse/context; IMG requires extraction/PDS handling,"1 IMG, 3 XML, 1 browse PNG inside zip",0.22,-89.219895,218.053507,-89.228375,226.509641,-89.928812,57.548965,-89.877154,351.147086,,,,,,
ch2_sar_ncls_20200808t201154198_d_cp_d18\browse\calibrated\20200808\ch2_sar_ncls_20200808t201154198_b_brw_xx_cp_xx_d18.png,ch2_sar_ncls_20200808t201154198_d_cp_d18,SAR/DFSAR,browse/quicklook,,yes - browse only,not checked,,,,,,,,,,,,,,,
ch2_sar_ncls_20200808t201154198_d_cp_d18\browse\calibrated\20200808\ch2_sar_ncls_20200808t201154198_b_brw_xx_cp_xx_d18.xml,ch2_sar_ncls_20200808t201154198_d_cp_d18,SAR/DFSAR,PDS/XML metadata,,yes,not checked,,,,,,,,,,,,,,,
ch2_sar_ncls_20200808t201154198_d_cp_d18\data\calibrated\20200808\ch2_sar_ncxl_20200808t201154198_d_gri_in_cp_xx_d18.tif,ch2_sar_ncls_20200808t201154198_d_cp_d18,SAR/DFSAR,science raster,1.0 x 1.0 m/pixel,yes,not checked,,,,,,,,,,786.0,16943.0,missing,0.9859572052955629,24.66228675842285,34.54667854309082
ch2_sar_ncls_20200808t201154198_d_cp_d18\data\calibrated\20200808\ch2_sar_ncxl_20200808t201154198_d_gri_xx_cp_lh_d18.tif,ch2_sar_ncls_20200808t201154198_d_cp_d18,SAR/DFSAR,science raster,1.0 x 1.0 m/pixel,yes,not checked,,,,,,,,,,786.0,16943.0,missing,0.0,498.0,3142.0
ch2_sar_ncls_20200808t201154198_d_cp_d18\data\calibrated\20200808\ch2_sar_ncxl_20200808t201154198_d_gri_xx_cp_lv_d18.tif,ch2_sar_ncls_20200808t201154198_d_cp_d18,SAR/DFSAR,science raster,1.0 x 1.0 m/pixel,yes,not checked,,,,,,,,,,786.0,16943.0,missing,0.0,434.0,2880.0
ch2_sar_ncls_20200808t201154198_d_cp_d18\data\calibrated\20200808\ch2_sar_ncxl_20200808t201154198_d_gri_xx_cp_xx_d18.xml,ch2_sar_ncls_20200808t201154198_d_cp_d18,SAR/DFSAR,PDS/XML metadata,25.0 m/pixel,yes,"center lat/lon -84.145182, 90.135612",,,,,,,,,,,,,,,
ch2_sar_ncls_20200808t201154198_d_cp_d18\data\calibrated\20200808\ch2_sar_ncxl_20200808t201154198_d_sli_xx_cp_lh_d18.tif,ch2_sar_ncls_20200808t201154198_d_cp_d18,SAR/DFSAR,science raster,1.0 x 1.0 m/pixel,yes,not checked,,,,,,,,,,759.0,355768.0,missing,-6194.58505859375,0.0,5920.63608398436
ch2_sar_ncls_20200808t201154198_d_cp_d18\data\calibrated\20200808\ch2_sar_ncxl_20200808t201154198_d_sli_xx_cp_lv_d18.tif,ch2_sar_ncls_20200808t201154198_d_cp_d18,SAR/DFSAR,science raster,1.0 x 1.0 m/pixel,yes,not checked,,,,,,,,,,759.0,355768.0,missing,-5426.695849609375,0.0,5378.114160156224
ch2_sar_ncls_20200808t201154198_d_cp_d18\data\calibrated\20200808\ch2_sar_ncxl_20200808t201154198_d_sli_xx_cp_xx_d18.xml,ch2_sar_ncls_20200808t201154198_d_cp_d18,SAR/DFSAR,PDS/XML metadata,9.593359 m/pixel,yes,"center lat/lon -87.678092, 80.978127",,,,,,,,,,,,,,,
ch2_sar_ncls_20200808t201154198_d_cp_d18\data\calibrated\20200808\ch2_sar_ncxl_20200808t201154198_d_sri_in_cp_xx_d18.tif,ch2_sar_ncls_20200808t201154198_d_cp_d18,SAR/DFSAR,radar candidate detection,25.0 x 25.0 m/pixel,yes,not checked,,,,,,,,,,6618.0,2258.0,known,-2.0,-2.0,-2.0
ch2_sar_ncls_20200808t201154198_d_cp_d18\data\calibrated\20200808\ch2_sar_ncxl_20200808t201154198_d_sri_ma_cp_xx_d18.tif,ch2_sar_ncls_20200808t201154198_d_cp_d18,SAR/DFSAR,radar candidate detection,25.0 x 25.0 m/pixel,yes,not checked,,,,,,,,,,6618.0,2258.0,known,0.0,0.0,0.0
ch2_sar_ncls_20200808t201154198_d_cp_d18\data\calibrated\20200808\ch2_sar_ncxl_20200808t201154198_d_sri_xx_cp_lh_d18.tif,ch2_sar_ncls_20200808t201154198_d_cp_d18,SAR/DFSAR,radar candidate detection,25.0 x 25.0 m/pixel,yes,not checked,,,,,,,,,,6618.0,2258.0,known,0.0,0.0,0.0
ch2_sar_ncls_20200808t201154198_d_cp_d18\data\calibrated\20200808\ch2_sar_ncxl_20200808t201154198_d_sri_xx_cp_lv_d18.tif,ch2_sar_ncls_20200808t201154198_d_cp_d18,SAR/DFSAR,radar candidate detection,25.0 x 25.0 m/pixel,yes,not checked,,,,,,,,,,6618.0,2258.0,known,0.0,0.0,0.0
ch2_sar_ncls_20200808t201154198_d_cp_d18\data\calibrated\20200808\ch2_sar_ncxl_20200808t201154198_d_sri_xx_cp_xx_d18.xml,ch2_sar_ncls_20200808t201154198_d_cp_d18,SAR/DFSAR,PDS/XML metadata,25.0 m/pixel,yes,"center lat/lon -87.691649, 81.459788",,,,,,,,,,,,,,,
ch2_sar_ncls_20200808t201154198_d_cp_d18\data\calibrated\20200808\ch2_sar_ncxs_20200808t201154198_d_gri_in_cp_xx_d18.tif,ch2_sar_ncls_20200808t201154198_d_cp_d18,SAR/DFSAR,science raster,1.0 x 1.0 m/pixel,yes,not checked,,,,,,,,,,786.0,16943.0,missing,0.9859572052955629,24.66228675842285,34.54667854309082
ch2_sar_ncls_20200808t201154198_d_cp_d18\data\calibrated\20200808\ch2_sar_ncxs_20200808t201154198_d_gri_xx_cp_lh_d18.tif,ch2_sar_ncls_20200808t201154198_d_cp_d18,SAR/DFSAR,science raster,1.0 x 1.0 m/pixel,yes,not checked,,,,,,,,,,786.0,16943.0,missing,0.0,419.0,3788.5999999999913
ch2_sar_ncls_20200808t201154198_d_cp_d18\data\calibrated\20200808\ch2_sar_ncxs_20200808t201154198_d_gri_xx_cp_lv_d18.tif,ch2_sar_ncls_20200808t201154198_d_cp_d18,SAR/DFSAR,science raster,1.0 x 1.0 m/pixel,yes,not checked,,,,,,,,,,786.0,16943.0,missing,0.0,420.5,4081.0
ch2_sar_ncls_20200808t201154198_d_cp_d18\data\calibrated\20200808\ch2_sar_ncxs_20200808t201154198_d_gri_xx_cp_xx_d18.xml,ch2_sar_ncls_20200808t201154198_d_cp_d18,SAR/DFSAR,PDS/XML metadata,25.0 m/pixel,yes,"center lat/lon -84.145182, 90.135612",,,,,,,,,,,,,,,
ch2_sar_ncls_20200808t201154198_d_cp_d18\data\calibrated\20200808\ch2_sar_ncxs_20200808t201154198_d_sli_xx_cp_lh_d18.tif,ch2_sar_ncls_20200808t201154198_d_cp_d18,SAR/DFSAR,science raster,1.0 x 1.0 m/pixel,yes,not checked,,,,,,,,,,759.0,355768.0,missing,-6657.8263671875,0.0,6496.5666503906195
ch2_sar_ncls_20200808t201154198_d_cp_d18\data\calibrated\20200808\ch2_sar_ncxs_20200808t201154198_d_sli_xx_cp_lv_d18.tif,ch2_sar_ncls_20200808t201154198_d_cp_d18,SAR/DFSAR,science raster,1.0 x 1.0 m/pixel,yes,not checked,,,,,,,,,,759.0,355768.0,missing,-7421.87802734375,0.0,7217.942773437485
ch2_sar_ncls_20200808t201154198_d_cp_d18\data\calibrated\20200808\ch2_sar_ncxs_20200808t201154198_d_sli_xx_cp_xx_d18.xml,ch2_sar_ncls_20200808t201154198_d_cp_d18,SAR/DFSAR,PDS/XML metadata,9.593359 m/pixel,yes,"center lat/lon -87.678092, 80.978127",,,,,,,,,,,,,,,
ch2_sar_ncls_20200808t201154198_d_cp_d18\data\calibrated\20200808\ch2_sar_ncxs_20200808t201154198_d_sri_in_cp_xx_d18.tif,ch2_sar_ncls_20200808t201154198_d_cp_d18,SAR/DFSAR,radar candidate detection,25.0 x 25.0 m/pixel,yes,not checked,,,,,,,,,,6618.0,2258.0,known,-2.0,-2.0,-2.0
ch2_sar_ncls_20200808t201154198_d_cp_d18\data\calibrated\20200808\ch2_sar_ncxs_20200808t201154198_d_sri_ma_cp_xx_d18.tif,ch2_sar_ncls_20200808t201154198_d_cp_d18,SAR/DFSAR,radar candidate detection,25.0 x 25.0 m/pixel,yes,not checked,,,,,,,,,,6618.0,2258.0,known,0.0,0.0,0.0
ch2_sar_ncls_20200808t201154198_d_cp_d18\data\calibrated\20200808\ch2_sar_ncxs_20200808t201154198_d_sri_xx_cp_lh_d18.tif,ch2_sar_ncls_20200808t201154198_d_cp_d18,SAR/DFSAR,radar candidate detection,25.0 x 25.0 m/pixel,yes,not checked,,,,,,,,,,6618.0,2258.0,known,0.0,0.0,0.0
ch2_sar_ncls_20200808t201154198_d_cp_d18\data\calibrated\20200808\ch2_sar_ncxs_20200808t201154198_d_sri_xx_cp_lv_d18.tif,ch2_sar_ncls_20200808t201154198_d_cp_d18,SAR/DFSAR,radar candidate detection,25.0 x 25.0 m/pixel,yes,not checked,,,,,,,,,,6618.0,2258.0,known,0.0,0.0,0.0
ch2_sar_ncls_20200808t201154198_d_cp_d18\data\calibrated\20200808\ch2_sar_ncxs_20200808t201154198_d_sri_xx_cp_xx_d18.xml,ch2_sar_ncls_20200808t201154198_d_cp_d18,SAR/DFSAR,PDS/XML metadata,25.0 m/pixel,yes,"center lat/lon -87.691649, 81.459788",,,,,,,,,,,,,,,
ch2_sar_ncls_20200808t201154198_d_cp_d18\geometry\calibrated\20200808\ch2_sar_ncxl_20200808t201154198_g_gri_xx_cp_xx_d18.csv,ch2_sar_ncls_20200808t201154198_d_cp_d18,SAR/DFSAR,geometry/table,,yes,not checked,,,,,,,,,,,,,,,
ch2_sar_ncls_20200808t201154198_d_cp_d18\geometry\calibrated\20200808\ch2_sar_ncxl_20200808t201154198_g_oat_xx_cp_xx_d18.csv,ch2_sar_ncls_20200808t201154198_d_cp_d18,SAR/DFSAR,geometry/table,,yes,not checked,,,,,,,,,,,,,,,
ch2_sar_ncls_20200808t201154198_d_cp_d18\geometry\calibrated\20200808\ch2_sar_ncxl_20200808t201154198_g_oat_xx_cp_xx_d18.xml,ch2_sar_ncls_20200808t201154198_d_cp_d18,SAR/DFSAR,PDS/XML metadata,,yes,not checked,,,,,,,,,,,,,,,
ch2_sar_ncls_20200808t201154198_d_cp_d18\geometry\calibrated\20200808\ch2_sar_ncxl_20200808t201154198_g_sli_xx_cp_xx_d18.csv,ch2_sar_ncls_20200808t201154198_d_cp_d18,SAR/DFSAR,geometry/table,,yes,not checked,,,,,,,,,,,,,,,
ch2_sar_ncls_20200808t201154198_d_cp_d18\geometry\calibrated\20200808\ch2_sar_ncxl_20200808t201154198_g_sri_xx_cp_xx_d18.csv,ch2_sar_ncls_20200808t201154198_d_cp_d18,SAR/DFSAR,geometry/table,,yes,not checked,,,,,,,,,,,,,,,
ch2_sar_ncls_20200808t201154198_d_cp_d18\geometry\calibrated\20200808\ch2_sar_ncxl_20200808t201154198_g_xxx_xx_cp_xx_d18.xml,ch2_sar_ncls_20200808t201154198_d_cp_d18,SAR/DFSAR,PDS/XML metadata,,yes,not checked,,,,,,,,,,,,,,,
ch2_sar_ncls_20200808t201154198_d_cp_d18\geometry\calibrated\20200808\ch2_sar_ncxs_20200808t201154198_g_gri_xx_cp_xx_d18.csv,ch2_sar_ncls_20200808t201154198_d_cp_d18,SAR/DFSAR,geometry/table,,yes,not checked,,,,,,,,,,,,,,,
ch2_sar_ncls_20200808t201154198_d_cp_d18\geometry\calibrated\20200808\ch2_sar_ncxs_20200808t201154198_g_oat_xx_cp_xx_d18.csv,ch2_sar_ncls_20200808t201154198_d_cp_d18,SAR/DFSAR,geometry/table,,yes,not checked,,,,,,,,,,,,,,,
ch2_sar_ncls_20200808t201154198_d_cp_d18\geometry\calibrated\20200808\ch2_sar_ncxs_20200808t201154198_g_oat_xx_cp_xx_d18.xml,ch2_sar_ncls_20200808t201154198_d_cp_d18,SAR/DFSAR,PDS/XML metadata,,yes,not checked,,,,,,,,,,,,,,,
ch2_sar_ncls_20200808t201154198_d_cp_d18\geometry\calibrated\20200808\ch2_sar_ncxs_20200808t201154198_g_sli_xx_cp_xx_d18.csv,ch2_sar_ncls_20200808t201154198_d_cp_d18,SAR/DFSAR,geometry/table,,yes,not checked,,,,,,,,,,,,,,,
ch2_sar_ncls_20200808t201154198_d_cp_d18\geometry\calibrated\20200808\ch2_sar_ncxs_20200808t201154198_g_sri_xx_cp_xx_d18.csv,ch2_sar_ncls_20200808t201154198_d_cp_d18,SAR/DFSAR,geometry/table,,yes,not checked,,,,,,,,,,,,,,,
ch2_sar_ncls_20200808t201154198_d_cp_d18\geometry\calibrated\20200808\ch2_sar_ncxs_20200808t201154198_g_xxx_xx_cp_xx_d18.xml,ch2_sar_ncls_20200808t201154198_d_cp_d18,SAR/DFSAR,PDS/XML metadata,,yes,not checked,,,,,,,,,,,,,,,
ch2_sar_ncxl_20250919t055442925_d_cp_d18\browse\calibrated\20250919\ch2_sar_ncxl_20250919t055442925_b_brw_xx_cp_xx_d18.png,ch2_sar_ncxl_20250919t055442925_d_cp_d18,SAR/DFSAR,browse/quicklook,,yes - browse only,not checked,,,,,,,,,,,,,,,
ch2_sar_ncxl_20250919t055442925_d_cp_d18\browse\calibrated\20250919\ch2_sar_ncxl_20250919t055442925_b_brw_xx_cp_xx_d18.xml,ch2_sar_ncxl_20250919t055442925_d_cp_d18,SAR/DFSAR,PDS/XML metadata,,yes,not checked,,,,,,,,,,,,,,,
ch2_sar_ncxl_20250919t055442925_d_cp_d18\data\calibrated\20250919\ch2_sar_ncxl_20250919t055442925_d_gri_in_cp_xx_d18.tif,ch2_sar_ncxl_20250919t055442925_d_cp_d18,SAR/DFSAR,science raster,1.0 x 1.0 m/pixel,yes,not checked,,,,,,,,,,1123.0,70233.0,missing,12.224643707275392,23.881166458129883,38.86240577697744
ch2_sar_ncxl_20250919t055442925_d_cp_d18\data\calibrated\20250919\ch2_sar_ncxl_20250919t055442925_d_gri_xx_cp_lh_d18.tif,ch2_sar_ncxl_20250919t055442925_d_cp_d18,SAR/DFSAR,science raster,1.0 x 1.0 m/pixel,yes,not checked,,,,,,,,,,1123.0,70233.0,missing,0.0,252.0,938.0
ch2_sar_ncxl_20250919t055442925_d_cp_d18\data\calibrated\20250919\ch2_sar_ncxl_20250919t055442925_d_gri_xx_cp_lv_d18.tif,ch2_sar_ncxl_20250919t055442925_d_cp_d18,SAR/DFSAR,science raster,1.0 x 1.0 m/pixel,yes,not checked,,,,,,,,,,1123.0,70233.0,missing,0.0,238.0,864.0
ch2_sar_ncxl_20250919t055442925_d_cp_d18\data\calibrated\20250919\ch2_sar_ncxl_20250919t055442925_d_gri_xx_cp_xx_d18.xml,ch2_sar_ncxl_20250919t055442925_d_cp_d18,SAR/DFSAR,PDS/XML metadata,4.0 m/pixel,yes,"center lat/lon -88.756748, 140.714478",,,,,,,,,,,,,,,
ch2_sar_ncxl_20250919t055442925_d_cp_d18\data\calibrated\20250919\ch2_sar_ncxl_20250919t055442925_d_sli_xx_cp_lh_d18.tif,ch2_sar_ncxl_20250919t055442925_d_cp_d18,SAR/DFSAR,science raster,1.0 x 1.0 m/pixel,yes,not checked,,,,,,,,,,1152.0,280926.0,missing,-1476.0781860351562,0.0,1613.5755737304648
ch2_sar_ncxl_20250919t055442925_d_cp_d18\data\calibrated\20250919\ch2_sar_ncxl_20250919t055442925_d_sli_xx_cp_lv_d18.tif,ch2_sar_ncxl_20250919t055442925_d_cp_d18,SAR/DFSAR,science raster,1.0 x 1.0 m/pixel,yes,not checked,,,,,,,,,,1152.0,280926.0,missing,-1434.0291870117187,0.0,1455.8575805664038
ch2_sar_ncxl_20250919t055442925_d_cp_d18\data\calibrated\20250919\ch2_sar_ncxl_20250919t055442925_d_sli_xx_cp_xx_d18.xml,ch2_sar_ncxl_20250919t055442925_d_cp_d18,SAR/DFSAR,PDS/XML metadata,1.798755 m/pixel,yes,"center lat/lon -88.756682, 140.773509",,,,,,,,,,,,,,,
ch2_sar_ncxl_20250919t055442925_d_cp_d18\data\calibrated\20250919\ch2_sar_ncxl_20250919t055442925_d_sri_in_cp_xx_d18.tif,ch2_sar_ncxl_20250919t055442925_d_cp_d18,SAR/DFSAR,radar candidate detection,4.0 x 4.0 m/pixel,yes,not checked,,,,,,,,,,22551.0,25484.0,known,-2.0,-2.0,-2.0
ch2_sar_ncxl_20250919t055442925_d_cp_d18\data\calibrated\20250919\ch2_sar_ncxl_20250919t055442925_d_sri_ma_cp_xx_d18.tif,ch2_sar_ncxl_20250919t055442925_d_cp_d18,SAR/DFSAR,radar candidate detection,4.0 x 4.0 m/pixel,yes,not checked,,,,,,,,,,22551.0,25484.0,known,0.0,0.0,0.0
ch2_sar_ncxl_20250919t055442925_d_cp_d18\data\calibrated\20250919\ch2_sar_ncxl_20250919t055442925_d_sri_xx_cp_lh_d18.tif,ch2_sar_ncxl_20250919t055442925_d_cp_d18,SAR/DFSAR,radar candidate detection,4.0 x 4.0 m/pixel,yes,not checked,,,,,,,,,,22551.0,25484.0,known,0.0,0.0,0.0
ch2_sar_ncxl_20250919t055442925_d_cp_d18\data\calibrated\20250919\ch2_sar_ncxl_20250919t055442925_d_sri_xx_cp_lv_d18.tif,ch2_sar_ncxl_20250919t055442925_d_cp_d18,SAR/DFSAR,radar candidate detection,4.0 x 4.0 m/pixel,yes,not checked,,,,,,,,,,22551.0,25484.0,known,0.0,0.0,0.0
ch2_sar_ncxl_20250919t055442925_d_cp_d18\data\calibrated\20250919\ch2_sar_ncxl_20250919t055442925_d_sri_xx_cp_xx_d18.xml,ch2_sar_ncxl_20250919t055442925_d_cp_d18,SAR/DFSAR,PDS/XML metadata,4.0 m/pixel,yes,"center lat/lon -88.755108, 136.762934",,,,,,,,,,,,,,,
ch2_sar_ncxl_20250919t055442925_d_cp_d18\geometry\calibrated\20250919\ch2_sar_ncxl_20250919t055442925_g_gri_xx_cp_xx_d18.csv,ch2_sar_ncxl_20250919t055442925_d_cp_d18,SAR/DFSAR,geometry/table,,yes,not checked,,,,,,,,,,,,,,,
ch2_sar_ncxl_20250919t055442925_d_cp_d18\geometry\calibrated\20250919\ch2_sar_ncxl_20250919t055442925_g_oat_xx_cp_xx_d18.csv,ch2_sar_ncxl_20250919t055442925_d_cp_d18,SAR/DFSAR,geometry/table,,yes,not checked,,,,,,,,,,,,,,,
ch2_sar_ncxl_20250919t055442925_d_cp_d18\geometry\calibrated\20250919\ch2_sar_ncxl_20250919t055442925_g_oat_xx_cp_xx_d18.xml,ch2_sar_ncxl_20250919t055442925_d_cp_d18,SAR/DFSAR,PDS/XML metadata,,yes,not checked,,,,,,,,,,,,,,,
ch2_sar_ncxl_20250919t055442925_d_cp_d18\geometry\calibrated\20250919\ch2_sar_ncxl_20250919t055442925_g_sli_xx_cp_xx_d18.csv,ch2_sar_ncxl_20250919t055442925_d_cp_d18,SAR/DFSAR,geometry/table,,yes,not checked,,,,,,,,,,,,,,,
ch2_sar_ncxl_20250919t055442925_d_cp_d18\geometry\calibrated\20250919\ch2_sar_ncxl_20250919t055442925_g_sri_xx_cp_xx_d18.csv,ch2_sar_ncxl_20250919t055442925_d_cp_d18,SAR/DFSAR,geometry/table,,yes,not checked,,,,,,,,,,,,,,,
ch2_sar_ncxl_20250919t055442925_d_cp_d18\geometry\calibrated\20250919\ch2_sar_ncxl_20250919t055442925_g_xxx_xx_cp_xx_d18.xml,ch2_sar_ncxl_20250919t055442925_d_cp_d18,SAR/DFSAR,PDS/XML metadata,,yes,not checked,,,,,,,,,,,,,,,
ch2_sar_ncxl_20251003t123305739_d_cp_d18\browse\calibrated\20251003\ch2_sar_ncxl_20251003t123305739_b_brw_xx_cp_xx_d18.png,ch2_sar_ncxl_20251003t123305739_d_cp_d18,SAR/DFSAR,browse/quicklook,,yes - browse only,not checked,,,,,,,,,,,,,,,
ch2_sar_ncxl_20251003t123305739_d_cp_d18\browse\calibrated\20251003\ch2_sar_ncxl_20251003t123305739_b_brw_xx_cp_xx_d18.xml,ch2_sar_ncxl_20251003t123305739_d_cp_d18,SAR/DFSAR,PDS/XML metadata,,yes,not checked,,,,,,,,,,,,,,,
ch2_sar_ncxl_20251003t123305739_d_cp_d18\data\calibrated\20251003\ch2_sar_ncxl_20251003t123305739_d_gri_in_cp_xx_d18.tif,ch2_sar_ncxl_20251003t123305739_d_cp_d18,SAR/DFSAR,science raster,1.0 x 1.0 m/pixel,yes,not checked,,,,,,,,,,1063.0,69552.0,missing,22.749098777770996,25.991931915283203,30.413068962097164
ch2_sar_ncxl_20251003t123305739_d_cp_d18\data\calibrated\20251003\ch2_sar_ncxl_20251003t123305739_d_gri_xx_cp_lh_d18.tif,ch2_sar_ncxl_20251003t123305739_d_cp_d18,SAR/DFSAR,science raster,1.0 x 1.0 m/pixel,yes,not checked,,,,,,,,,,1063.0,69552.0,missing,0.0,237.0,639.0
ch2_sar_ncxl_20251003t123305739_d_cp_d18\data\calibrated\20251003\ch2_sar_ncxl_20251003t123305739_d_gri_xx_cp_lv_d18.tif,ch2_sar_ncxl_20251003t123305739_d_cp_d18,SAR/DFSAR,science raster,1.0 x 1.0 m/pixel,yes,not checked,,,,,,,,,,1063.0,69552.0,missing,0.0,246.0,682.0
ch2_sar_ncxl_20251003t123305739_d_cp_d18\data\calibrated\20251003\ch2_sar_ncxl_20251003t123305739_d_gri_xx_cp_xx_d18.xml,ch2_sar_ncxl_20251003t123305739_d_cp_d18,SAR/DFSAR,PDS/XML metadata,4.0 m/pixel,yes,"center lat/lon -88.536534, -45.723721",,,,,,,,,,,,,,,
ch2_sar_ncxl_20251003t123305739_d_cp_d18\data\calibrated\20251003\ch2_sar_ncxl_20251003t123305739_d_sli_xx_cp_lh_d18.tif,ch2_sar_ncxl_20251003t123305739_d_cp_d18,SAR/DFSAR,science raster,1.0 x 1.0 m/pixel,yes,not checked,,,,,,,,,,1152.0,278202.0,missing,-1437.1984252929688,0.0,1608.6631347656248
ch2_sar_ncxl_20251003t123305739_d_cp_d18\data\calibrated\20251003\ch2_sar_ncxl_20251003t123305739_d_sli_xx_cp_lv_d18.tif,ch2_sar_ncxl_20251003t123305739_d_cp_d18,SAR/DFSAR,science raster,1.0 x 1.0 m/pixel,yes,not checked,,,,,,,,,,1152.0,278202.0,missing,-1602.8625,0.0,1634.4112548828118
ch2_sar_ncxl_20251003t123305739_d_cp_d18\data\calibrated\20251003\ch2_sar_ncxl_20251003t123305739_d_sli_xx_cp_xx_d18.xml,ch2_sar_ncxl_20251003t123305739_d_cp_d18,SAR/DFSAR,PDS/XML metadata,1.798755 m/pixel,yes,"center lat/lon -88.536434, -45.688149",,,,,,,,,,,,,,,
ch2_sar_ncxl_20251003t123305739_d_cp_d18\data\calibrated\20251003\ch2_sar_ncxl_20251003t123305739_d_sri_in_cp_xx_d18.tif,ch2_sar_ncxl_20251003t123305739_d_cp_d18,SAR/DFSAR,radar candidate detection,4.0 x 4.0 m/pixel,yes,not checked,,,,,,,,,,24239.0,20228.0,known,-2.0,-2.0,-2.0
ch2_sar_ncxl_20251003t123305739_d_cp_d18\data\calibrated\20251003\ch2_sar_ncxl_20251003t123305739_d_sri_ma_cp_xx_d18.tif,ch2_sar_ncxl_20251003t123305739_d_cp_d18,SAR/DFSAR,radar candidate detection,4.0 x 4.0 m/pixel,yes,not checked,,,,,,,,,,24239.0,20228.0,known,0.0,0.0,0.0
ch2_sar_ncxl_20251003t123305739_d_cp_d18\data\calibrated\20251003\ch2_sar_ncxl_20251003t123305739_d_sri_xx_cp_lh_d18.tif,ch2_sar_ncxl_20251003t123305739_d_cp_d18,SAR/DFSAR,radar candidate detection,4.0 x 4.0 m/pixel,yes,not checked,,,,,,,,,,24239.0,20228.0,known,0.0,0.0,0.0
ch2_sar_ncxl_20251003t123305739_d_cp_d18\data\calibrated\20251003\ch2_sar_ncxl_20251003t123305739_d_sri_xx_cp_lv_d18.tif,ch2_sar_ncxl_20251003t123305739_d_cp_d18,SAR/DFSAR,radar candidate detection,4.0 x 4.0 m/pixel,yes,not checked,,,,,,,,,,24239.0,20228.0,known,0.0,0.0,0.0
ch2_sar_ncxl_20251003t123305739_d_cp_d18\data\calibrated\20251003\ch2_sar_ncxl_20251003t123305739_d_sri_xx_cp_xx_d18.xml,ch2_sar_ncxl_20251003t123305739_d_cp_d18,SAR/DFSAR,PDS/XML metadata,4.0 m/pixel,yes,"center lat/lon -88.545607, -49.763255",,,,,,,,,,,,,,,
ch2_sar_ncxl_20251003t123305739_d_cp_d18\geometry\calibrated\20251003\ch2_sar_ncxl_20251003t123305739_g_gri_xx_cp_xx_d18.csv,ch2_sar_ncxl_20251003t123305739_d_cp_d18,SAR/DFSAR,geometry/table,,yes,not checked,,,,,,,,,,,,,,,
ch2_sar_ncxl_20251003t123305739_d_cp_d18\geometry\calibrated\20251003\ch2_sar_ncxl_20251003t123305739_g_oat_xx_cp_xx_d18.csv,ch2_sar_ncxl_20251003t123305739_d_cp_d18,SAR/DFSAR,geometry/table,,yes,not checked,,,,,,,,,,,,,,,
ch2_sar_ncxl_20251003t123305739_d_cp_d18\geometry\calibrated\20251003\ch2_sar_ncxl_20251003t123305739_g_oat_xx_cp_xx_d18.xml,ch2_sar_ncxl_20251003t123305739_d_cp_d18,SAR/DFSAR,PDS/XML metadata,,yes,not checked,,,,,,,,,,,,,,,
ch2_sar_ncxl_20251003t123305739_d_cp_d18\geometry\calibrated\20251003\ch2_sar_ncxl_20251003t123305739_g_sli_xx_cp_xx_d18.csv,ch2_sar_ncxl_20251003t123305739_d_cp_d18,SAR/DFSAR,geometry/table,,yes,not checked,,,,,,,,,,,,,,,
ch2_sar_ncxl_20251003t123305739_d_cp_d18\geometry\calibrated\20251003\ch2_sar_ncxl_20251003t123305739_g_sri_xx_cp_xx_d18.csv,ch2_sar_ncxl_20251003t123305739_d_cp_d18,SAR/DFSAR,geometry/table,,yes,not checked,,,,,,,,,,,,,,,
ch2_sar_ncxl_20251003t123305739_d_cp_d18\geometry\calibrated\20251003\ch2_sar_ncxl_20251003t123305739_g_xxx_xx_cp_xx_d18.xml,ch2_sar_ncxl_20251003t123305739_d_cp_d18,SAR/DFSAR,PDS/XML metadata,,yes,not checked,,,,,,,,,,,,,,,
ch2_sar_ncxl_20251016t150420052_d_cp_d18\browse\calibrated\20251016\ch2_sar_ncxl_20251016t150420052_b_brw_xx_cp_xx_d18.png,ch2_sar_ncxl_20251016t150420052_d_cp_d18,SAR/DFSAR,browse/quicklook,,yes - browse only,not checked,,,,,,,,,,,,,,,
ch2_sar_ncxl_20251016t150420052_d_cp_d18\browse\calibrated\20251016\ch2_sar_ncxl_20251016t150420052_b_brw_xx_cp_xx_d18.xml,ch2_sar_ncxl_20251016t150420052_d_cp_d18,SAR/DFSAR,PDS/XML metadata,,yes,not checked,,,,,,,,,,,,,,,
ch2_sar_ncxl_20251016t150420052_d_cp_d18\data\calibrated\20251016\ch2_sar_ncxl_20251016t150420052_d_gri_in_cp_xx_d18.tif,ch2_sar_ncxl_20251016t150420052_d_cp_d18,SAR/DFSAR,science raster,1.0 x 1.0 m/pixel,yes,not checked,,,,,,,,,,1092.0,70388.0,missing,20.6167911529541,25.91251277923584,30.070821380615232
ch2_sar_ncxl_20251016t150420052_d_cp_d18\data\calibrated\20251016\ch2_sar_ncxl_20251016t150420052_d_gri_xx_cp_lh_d18.tif,ch2_sar_ncxl_20251016t150420052_d_cp_d18,SAR/DFSAR,science raster,1.0 x 1.0 m/pixel,yes,not checked,,,,,,,,,,1092.0,70388.0,missing,0.0,225.0,585.0
ch2_sar_ncxl_20251016t150420052_d_cp_d18\data\calibrated\20251016\ch2_sar_ncxl_20251016t150420052_d_gri_xx_cp_lv_d18.tif,ch2_sar_ncxl_20251016t150420052_d_cp_d18,SAR/DFSAR,science raster,1.0 x 1.0 m/pixel,yes,not checked,,,,,,,,,,1092.0,70388.0,missing,0.0,205.0,545.0
ch2_sar_ncxl_20251016t150420052_d_cp_d18\data\calibrated\20251016\ch2_sar_ncxl_20251016t150420052_d_gri_xx_cp_xx_d18.xml,ch2_sar_ncxl_20251016t150420052_d_cp_d18,SAR/DFSAR,PDS/XML metadata,4.0 m/pixel,yes,"center lat/lon -88.868468, 140.207383",,,,,,,,,,,,,,,
ch2_sar_ncxl_20251016t150420052_d_cp_d18\data\calibrated\20251016\ch2_sar_ncxl_20251016t150420052_d_sli_xx_cp_lh_d18.tif,ch2_sar_ncxl_20251016t150420052_d_cp_d18,SAR/DFSAR,science raster,1.0 x 1.0 m/pixel,yes,not checked,,,,,,,,,,1152.0,281545.0,missing,-1226.5780517578125,0.0,1337.0296874999997
ch2_sar_ncxl_20251016t150420052_d_cp_d18\data\calibrated\20251016\ch2_sar_ncxl_20251016t150420052_d_sli_xx_cp_lv_d18.tif,ch2_sar_ncxl_20251016t150420052_d_cp_d18,SAR/DFSAR,science raster,1.0 x 1.0 m/pixel,yes,not checked,,,,,,,,,,1152.0,281545.0,missing,-1153.4663208007812,0.0,1199.0808715820283
ch2_sar_ncxl_20251016t150420052_d_cp_d18\data\calibrated\20251016\ch2_sar_ncxl_20251016t150420052_d_sli_xx_cp_xx_d18.xml,ch2_sar_ncxl_20251016t150420052_d_cp_d18,SAR/DFSAR,PDS/XML metadata,1.798755 m/pixel,yes,"center lat/lon -88.868373, 140.253228",,,,,,,,,,,,,,,
ch2_sar_ncxl_20251016t150420052_d_cp_d18\data\calibrated\20251016\ch2_sar_ncxl_20251016t150420052_d_sri_in_cp_xx_d18.tif,ch2_sar_ncxl_20251016t150420052_d_cp_d18,SAR/DFSAR,radar candidate detection,4.0 x 4.0 m/pixel,yes,not checked,,,,,,,,,,22268.0,25750.0,known,-2.0,-2.0,-2.0
ch2_sar_ncxl_20251016t150420052_d_cp_d18\data\calibrated\20251016\ch2_sar_ncxl_20251016t150420052_d_sri_ma_cp_xx_d18.tif,ch2_sar_ncxl_20251016t150420052_d_cp_d18,SAR/DFSAR,radar candidate detection,4.0 x 4.0 m/pixel,yes,not checked,,,,,,,,,,22268.0,25750.0,known,0.0,0.0,0.0
ch2_sar_ncxl_20251016t150420052_d_cp_d18\data\calibrated\20251016\ch2_sar_ncxl_20251016t150420052_d_sri_xx_cp_lh_d18.tif,ch2_sar_ncxl_20251016t150420052_d_cp_d18,SAR/DFSAR,radar candidate detection,4.0 x 4.0 m/pixel,yes,not checked,,,,,,,,,,22268.0,25750.0,known,0.0,0.0,0.0
ch2_sar_ncxl_20251016t150420052_d_cp_d18\data\calibrated\20251016\ch2_sar_ncxl_20251016t150420052_d_sri_xx_cp_lv_d18.tif,ch2_sar_ncxl_20251016t150420052_d_cp_d18,SAR/DFSAR,radar candidate detection,4.0 x 4.0 m/pixel,yes,not checked,,,,,,,,,,22268.0,25750.0,known,0.0,0.0,0.0
ch2_sar_ncxl_20251016t150420052_d_cp_d18\data\calibrated\20251016\ch2_sar_ncxl_20251016t150420052_d_sri_xx_cp_xx_d18.xml,ch2_sar_ncxl_20251016t150420052_d_cp_d18,SAR/DFSAR,PDS/XML metadata,4.0 m/pixel,yes,"center lat/lon -88.858784, 136.334977",,,,,,,,,,,,,,,
ch2_sar_ncxl_20251016t150420052_d_cp_d18\geometry\calibrated\20251016\ch2_sar_ncxl_20251016t150420052_g_gri_xx_cp_xx_d18.csv,ch2_sar_ncxl_20251016t150420052_d_cp_d18,SAR/DFSAR,geometry/table,,yes,not checked,,,,,,,,,,,,,,,
ch2_sar_ncxl_20251016t150420052_d_cp_d18\geometry\calibrated\20251016\ch2_sar_ncxl_20251016t150420052_g_oat_xx_cp_xx_d18.csv,ch2_sar_ncxl_20251016t150420052_d_cp_d18,SAR/DFSAR,geometry/table,,yes,not checked,,,,,,,,,,,,,,,
ch2_sar_ncxl_20251016t150420052_d_cp_d18\geometry\calibrated\20251016\ch2_sar_ncxl_20251016t150420052_g_oat_xx_cp_xx_d18.xml,ch2_sar_ncxl_20251016t150420052_d_cp_d18,SAR/DFSAR,PDS/XML metadata,,yes,not checked,,,,,,,,,,,,,,,
ch2_sar_ncxl_20251016t150420052_d_cp_d18\geometry\calibrated\20251016\ch2_sar_ncxl_20251016t150420052_g_sli_xx_cp_xx_d18.csv,ch2_sar_ncxl_20251016t150420052_d_cp_d18,SAR/DFSAR,geometry/table,,yes,not checked,,,,,,,,,,,,,,,
ch2_sar_ncxl_20251016t150420052_d_cp_d18\geometry\calibrated\20251016\ch2_sar_ncxl_20251016t150420052_g_sri_xx_cp_xx_d18.csv,ch2_sar_ncxl_20251016t150420052_d_cp_d18,SAR/DFSAR,geometry/table,,yes,not checked,,,,,,,,,,,,,,,
ch2_sar_ncxl_20251016t150420052_d_cp_d18\geometry\calibrated\20251016\ch2_sar_ncxl_20251016t150420052_g_xxx_xx_cp_xx_d18.xml,ch2_sar_ncxl_20251016t150420052_d_cp_d18,SAR/DFSAR,PDS/XML metadata,,yes,not checked,,,,,,,,,,,,,,,
ch2_sar_ncxl_20251106t161627207_d_cp_d18\browse\calibrated\20251106\ch2_sar_ncxl_20251106t161627207_b_brw_xx_cp_xx_d18.png,ch2_sar_ncxl_20251106t161627207_d_cp_d18,SAR/DFSAR,browse/quicklook,,yes - browse only,not checked,,,,,,,,,,,,,,,
ch2_sar_ncxl_20251106t161627207_d_cp_d18\browse\calibrated\20251106\ch2_sar_ncxl_20251106t161627207_b_brw_xx_cp_xx_d18.xml,ch2_sar_ncxl_20251106t161627207_d_cp_d18,SAR/DFSAR,PDS/XML metadata,,yes,not checked,,,,,,,,,,,,,,,
ch2_sar_ncxl_20251106t161627207_d_cp_d18\data\calibrated\20251106\ch2_sar_ncxl_20251106t161627207_d_gri_in_cp_xx_d18.tif,ch2_sar_ncxl_20251106t161627207_d_cp_d18,SAR/DFSAR,science raster,1.0 x 1.0 m/pixel,yes,not checked,,,,,,,,,,967.0,78259.0,missing,15.844807434082032,23.313642501831055,32.09663581848144
ch2_sar_ncxl_20251106t161627207_d_cp_d18\data\calibrated\20251106\ch2_sar_ncxl_20251106t161627207_d_gri_xx_cp_lh_d18.tif,ch2_sar_ncxl_20251106t161627207_d_cp_d18,SAR/DFSAR,science raster,1.0 x 1.0 m/pixel,yes,not checked,,,,,,,,,,967.0,78259.0,missing,0.0,344.0,1011.0
ch2_sar_ncxl_20251106t161627207_d_cp_d18\data\calibrated\20251106\ch2_sar_ncxl_20251106t161627207_d_gri_xx_cp_lv_d18.tif,ch2_sar_ncxl_20251106t161627207_d_cp_d18,SAR/DFSAR,science raster,1.0 x 1.0 m/pixel,yes,not checked,,,,,,,,,,967.0,78259.0,missing,0.0,394.0,1168.0
ch2_sar_ncxl_20251106t161627207_d_cp_d18\data\calibrated\20251106\ch2_sar_ncxl_20251106t161627207_d_gri_xx_cp_xx_d18.xml,ch2_sar_ncxl_20251106t161627207_d_cp_d18,SAR/DFSAR,PDS/XML metadata,4.0 m/pixel,yes,"center lat/lon -88.812375, -142.262029",,,,,,,,,,,,,,,
ch2_sar_ncxl_20251106t161627207_d_cp_d18\data\calibrated\20251106\ch2_sar_ncxl_20251106t161627207_d_sli_xx_cp_lh_d18.tif,ch2_sar_ncxl_20251106t161627207_d_cp_d18,SAR/DFSAR,science raster,1.0 x 1.0 m/pixel,yes,not checked,,,,,,,,,,1024.0,313031.0,missing,-2192.38486328125,0.0,2242.991015624998
ch2_sar_ncxl_20251106t161627207_d_cp_d18\data\calibrated\20251106\ch2_sar_ncxl_20251106t161627207_d_sli_xx_cp_lv_d18.tif,ch2_sar_ncxl_20251106t161627207_d_cp_d18,SAR/DFSAR,science raster,1.0 x 1.0 m/pixel,yes,not checked,,,,,,,,,,1024.0,313031.0,missing,-2470.978662109375,0.0,2692.407275390625
ch2_sar_ncxl_20251106t161627207_d_cp_d18\data\calibrated\20251106\ch2_sar_ncxl_20251106t161627207_d_sli_xx_cp_xx_d18.xml,ch2_sar_ncxl_20251106t161627207_d_cp_d18,SAR/DFSAR,PDS/XML metadata,1.798755 m/pixel,yes,"center lat/lon -88.81242, -142.209127",,,,,,,,,,,,,,,
ch2_sar_ncxl_20251106t161627207_d_cp_d18\data\calibrated\20251106\ch2_sar_ncxl_20251106t161627207_d_sri_in_cp_xx_d18.tif,ch2_sar_ncxl_20251106t161627207_d_cp_d18,SAR/DFSAR,radar candidate detection,4.0 x 4.0 m/pixel,yes,not checked,,,,,,,,,,22248.0,27505.0,known,-2.0,-2.0,-2.0
ch2_sar_ncxl_20251106t161627207_d_cp_d18\data\calibrated\20251106\ch2_sar_ncxl_20251106t161627207_d_sri_ma_cp_xx_d18.tif,ch2_sar_ncxl_20251106t161627207_d_cp_d18,SAR/DFSAR,radar candidate detection,4.0 x 4.0 m/pixel,yes,not checked,,,,,,,,,,22248.0,27505.0,known,0.0,0.0,0.0
ch2_sar_ncxl_20251106t161627207_d_cp_d18\data\calibrated\20251106\ch2_sar_ncxl_20251106t161627207_d_sri_xx_cp_lh_d18.tif,ch2_sar_ncxl_20251106t161627207_d_cp_d18,SAR/DFSAR,radar candidate detection,4.0 x 4.0 m/pixel,yes,not checked,,,,,,,,,,22248.0,27505.0,known,0.0,0.0,0.0
ch2_sar_ncxl_20251106t161627207_d_cp_d18\data\calibrated\20251106\ch2_sar_ncxl_20251106t161627207_d_sri_xx_cp_lv_d18.tif,ch2_sar_ncxl_20251106t161627207_d_cp_d18,SAR/DFSAR,radar candidate detection,4.0 x 4.0 m/pixel,yes,not checked,,,,,,,,,,22248.0,27505.0,known,0.0,0.0,0.0
ch2_sar_ncxl_20251106t161627207_d_cp_d18\data\calibrated\20251106\ch2_sar_ncxl_20251106t161627207_d_sri_xx_cp_xx_d18.xml,ch2_sar_ncxl_20251106t161627207_d_cp_d18,SAR/DFSAR,PDS/XML metadata,4.0 m/pixel,yes,"center lat/lon -88.810896, -140.660046",,,,,,,,,,,,,,,
ch2_sar_ncxl_20251106t161627207_d_cp_d18\geometry\calibrated\20251106\ch2_sar_ncxl_20251106t161627207_g_gri_xx_cp_xx_d18.csv,ch2_sar_ncxl_20251106t161627207_d_cp_d18,SAR/DFSAR,geometry/table,,yes,not checked,,,,,,,,,,,,,,,
ch2_sar_ncxl_20251106t161627207_d_cp_d18\geometry\calibrated\20251106\ch2_sar_ncxl_20251106t161627207_g_oat_xx_cp_xx_d18.csv,ch2_sar_ncxl_20251106t161627207_d_cp_d18,SAR/DFSAR,geometry/table,,yes,not checked,,,,,,,,,,,,,,,
ch2_sar_ncxl_20251106t161627207_d_cp_d18\geometry\calibrated\20251106\ch2_sar_ncxl_20251106t161627207_g_oat_xx_cp_xx_d18.xml,ch2_sar_ncxl_20251106t161627207_d_cp_d18,SAR/DFSAR,PDS/XML metadata,,yes,not checked,,,,,,,,,,,,,,,
ch2_sar_ncxl_20251106t161627207_d_cp_d18\geometry\calibrated\20251106\ch2_sar_ncxl_20251106t161627207_g_sli_xx_cp_xx_d18.csv,ch2_sar_ncxl_20251106t161627207_d_cp_d18,SAR/DFSAR,geometry/table,,yes,not checked,,,,,,,,,,,,,,,
ch2_sar_ncxl_20251106t161627207_d_cp_d18\geometry\calibrated\20251106\ch2_sar_ncxl_20251106t161627207_g_sri_xx_cp_xx_d18.csv,ch2_sar_ncxl_20251106t161627207_d_cp_d18,SAR/DFSAR,geometry/table,,yes,not checked,,,,,,,,,,,,,,,
ch2_sar_ncxl_20251106t161627207_d_cp_d18\geometry\calibrated\20251106\ch2_sar_ncxl_20251106t161627207_g_xxx_xx_cp_xx_d18.xml,ch2_sar_ncxl_20251106t161627207_d_cp_d18,SAR/DFSAR,PDS/XML metadata,,yes,not checked,,,,,,,,,,,,,,,
ch2_sar_ncxl_20251106t181422757_d_cp_d18\browse\calibrated\20251106\ch2_sar_ncxl_20251106t181422757_b_brw_xx_cp_xx_d18.png,ch2_sar_ncxl_20251106t181422757_d_cp_d18,SAR/DFSAR,browse/quicklook,,yes - browse only,not checked,,,,,,,,,,,,,,,
ch2_sar_ncxl_20251106t181422757_d_cp_d18\browse\calibrated\20251106\ch2_sar_ncxl_20251106t181422757_b_brw_xx_cp_xx_d18.xml,ch2_sar_ncxl_20251106t181422757_d_cp_d18,SAR/DFSAR,PDS/XML metadata,,yes,not checked,,,,,,,,,,,,,,,
ch2_sar_ncxl_20251106t181422757_d_cp_d18\data\calibrated\20251106\ch2_sar_ncxl_20251106t181422757_d_gri_in_cp_xx_d18.tif,ch2_sar_ncxl_20251106t181422757_d_cp_d18,SAR/DFSAR,science raster,1.0 x 1.0 m/pixel,yes,not checked,,,,,,,,,,1088.0,75529.0,missing,19.23823490142822,23.591885566711426,26.863247871398926
ch2_sar_ncxl_20251106t181422757_d_cp_d18\data\calibrated\20251106\ch2_sar_ncxl_20251106t181422757_d_gri_xx_cp_lh_d18.tif,ch2_sar_ncxl_20251106t181422757_d_cp_d18,SAR/DFSAR,science raster,1.0 x 1.0 m/pixel,yes,not checked,,,,,,,,,,1088.0,75529.0,missing,0.0,295.0,778.0
ch2_sar_ncxl_20251106t181422757_d_cp_d18\data\calibrated\20251106\ch2_sar_ncxl_20251106t181422757_d_gri_xx_cp_lv_d18.tif,ch2_sar_ncxl_20251106t181422757_d_cp_d18,SAR/DFSAR,science raster,1.0 x 1.0 m/pixel,yes,not checked,,,,,,,,,,1088.0,75529.0,missing,0.0,286.0,769.0
ch2_sar_ncxl_20251106t181422757_d_cp_d18\data\calibrated\20251106\ch2_sar_ncxl_20251106t181422757_d_gri_xx_cp_xx_d18.xml,ch2_sar_ncxl_20251106t181422757_d_cp_d18,SAR/DFSAR,PDS/XML metadata,4.0 m/pixel,yes,"center lat/lon -88.775092, -144.916363",,,,,,,,,,,,,,,
ch2_sar_ncxl_20251106t181422757_d_cp_d18\data\calibrated\20251106\ch2_sar_ncxl_20251106t181422757_d_sli_xx_cp_lh_d18.tif,ch2_sar_ncxl_20251106t181422757_d_cp_d18,SAR/DFSAR,science raster,1.0 x 1.0 m/pixel,yes,not checked,,,,,,,,,,1152.0,226582.0,missing,-1873.8563232421875,0.0,1994.7850097656249
ch2_sar_ncxl_20251106t181422757_d_cp_d18\data\calibrated\20251106\ch2_sar_ncxl_20251106t181422757_d_sli_xx_cp_lv_d18.tif,ch2_sar_ncxl_20251106t181422757_d_cp_d18,SAR/DFSAR,science raster,1.0 x 1.0 m/pixel,yes,not checked,,,,,,,,,,1152.0,226582.0,missing,-1856.8860595703125,0.0,1891.836853027341
ch2_sar_ncxl_20251106t181422757_d_cp_d18\data\calibrated\20251106\ch2_sar_ncxl_20251106t181422757_d_sli_xx_cp_xx_d18.xml,ch2_sar_ncxl_20251106t181422757_d_cp_d18,SAR/DFSAR,PDS/XML metadata,1.798755 m/pixel,yes,"center lat/lon -88.7752, -144.842621",,,,,,,,,,,,,,,
ch2_sar_ncxl_20251106t181422757_d_cp_d18\data\calibrated\20251106\ch2_sar_ncxl_20251106t181422757_d_sri_in_cp_xx_d18.tif,ch2_sar_ncxl_20251106t181422757_d_cp_d18,SAR/DFSAR,radar candidate detection,4.0 x 4.0 m/pixel,yes,not checked,,,,,,,,,,21898.0,28010.0,known,-2.0,-2.0,-2.0
ch2_sar_ncxl_20251106t181422757_d_cp_d18\data\calibrated\20251106\ch2_sar_ncxl_20251106t181422757_d_sri_ma_cp_xx_d18.tif,ch2_sar_ncxl_20251106t181422757_d_cp_d18,SAR/DFSAR,radar candidate detection,4.0 x 4.0 m/pixel,yes,not checked,,,,,,,,,,21898.0,28010.0,known,0.0,0.0,0.0
ch2_sar_ncxl_20251106t181422757_d_cp_d18\data\calibrated\20251106\ch2_sar_ncxl_20251106t181422757_d_sri_xx_cp_lh_d18.tif,ch2_sar_ncxl_20251106t181422757_d_cp_d18,SAR/DFSAR,radar candidate detection,4.0 x 4.0 m/pixel,yes,not checked,,,,,,,,,,21898.0,28010.0,known,0.0,0.0,0.0
ch2_sar_ncxl_20251106t181422757_d_cp_d18\data\calibrated\20251106\ch2_sar_ncxl_20251106t181422757_d_sri_xx_cp_lv_d18.tif,ch2_sar_ncxl_20251106t181422757_d_cp_d18,SAR/DFSAR,radar candidate detection,4.0 x 4.0 m/pixel,yes,not checked,,,,,,,,,,21898.0,28010.0,known,0.0,0.0,0.0
ch2_sar_ncxl_20251106t181422757_d_cp_d18\data\calibrated\20251106\ch2_sar_ncxl_20251106t181422757_d_sri_xx_cp_xx_d18.xml,ch2_sar_ncxl_20251106t181422757_d_cp_d18,SAR/DFSAR,PDS/XML metadata,4.0 m/pixel,yes,"center lat/lon -88.772948, -143.546373",,,,,,,,,,,,,,,
ch2_sar_ncxl_20251106t181422757_d_cp_d18\geometry\calibrated\20251106\ch2_sar_ncxl_20251106t181422757_g_gri_xx_cp_xx_d18.csv,ch2_sar_ncxl_20251106t181422757_d_cp_d18,SAR/DFSAR,geometry/table,,yes,not checked,,,,,,,,,,,,,,,
ch2_sar_ncxl_20251106t181422757_d_cp_d18\geometry\calibrated\20251106\ch2_sar_ncxl_20251106t181422757_g_oat_xx_cp_xx_d18.csv,ch2_sar_ncxl_20251106t181422757_d_cp_d18,SAR/DFSAR,geometry/table,,yes,not checked,,,,,,,,,,,,,,,
ch2_sar_ncxl_20251106t181422757_d_cp_d18\geometry\calibrated\20251106\ch2_sar_ncxl_20251106t181422757_g_oat_xx_cp_xx_d18.xml,ch2_sar_ncxl_20251106t181422757_d_cp_d18,SAR/DFSAR,PDS/XML metadata,,yes,not checked,,,,,,,,,,,,,,,
ch2_sar_ncxl_20251106t181422757_d_cp_d18\geometry\calibrated\20251106\ch2_sar_ncxl_20251106t181422757_g_sli_xx_cp_xx_d18.csv,ch2_sar_ncxl_20251106t181422757_d_cp_d18,SAR/DFSAR,geometry/table,,yes,not checked,,,,,,,,,,,,,,,
ch2_sar_ncxl_20251106t181422757_d_cp_d18\geometry\calibrated\20251106\ch2_sar_ncxl_20251106t181422757_g_sri_xx_cp_xx_d18.csv,ch2_sar_ncxl_20251106t181422757_d_cp_d18,SAR/DFSAR,geometry/table,,yes,not checked,,,,,,,,,,,,,,,
ch2_sar_ncxl_20251106t181422757_d_cp_d18\geometry\calibrated\20251106\ch2_sar_ncxl_20251106t181422757_g_xxx_xx_cp_xx_d18.xml,ch2_sar_ncxl_20251106t181422757_d_cp_d18,SAR/DFSAR,PDS/XML metadata,,yes,not checked,,,,,,,,,,,,,,,
ch2_sar_ncxl_20251106t201219233_d_cp_d18\browse\calibrated\20251106\ch2_sar_ncxl_20251106t201219233_b_brw_xx_cp_xx_d18.png,ch2_sar_ncxl_20251106t201219233_d_cp_d18,SAR/DFSAR,browse/quicklook,,yes - browse only,not checked,,,,,,,,,,,,,,,
ch2_sar_ncxl_20251106t201219233_d_cp_d18\browse\calibrated\20251106\ch2_sar_ncxl_20251106t201219233_b_brw_xx_cp_xx_d18.xml,ch2_sar_ncxl_20251106t201219233_d_cp_d18,SAR/DFSAR,PDS/XML metadata,,yes,not checked,,,,,,,,,,,,,,,
ch2_sar_ncxl_20251106t201219233_d_cp_d18\data\calibrated\20251106\ch2_sar_ncxl_20251106t201219233_d_gri_in_cp_xx_d18.tif,ch2_sar_ncxl_20251106t201219233_d_cp_d18,SAR/DFSAR,science raster,1.0 x 1.0 m/pixel,yes,not checked,,,,,,,,,,1084.0,75569.0,missing,24.380154037475585,28.038597106933594,32.97828979492187
ch2_sar_ncxl_20251106t201219233_d_cp_d18\data\calibrated\20251106\ch2_sar_ncxl_20251106t201219233_d_gri_xx_cp_lh_d18.tif,ch2_sar_ncxl_20251106t201219233_d_cp_d18,SAR/DFSAR,science raster,1.0 x 1.0 m/pixel,yes,not checked,,,,,,,,,,1084.0,75569.0,missing,0.0,247.0,600.0
ch2_sar_ncxl_20251106t201219233_d_cp_d18\data\calibrated\20251106\ch2_sar_ncxl_20251106t201219233_d_gri_xx_cp_lv_d18.tif,ch2_sar_ncxl_20251106t201219233_d_cp_d18,SAR/DFSAR,science raster,1.0 x 1.0 m/pixel,yes,not checked,,,,,,,,,,1084.0,75569.0,missing,0.0,238.0,584.0
ch2_sar_ncxl_20251106t201219233_d_cp_d18\data\calibrated\20251106\ch2_sar_ncxl_20251106t201219233_d_gri_xx_cp_xx_d18.xml,ch2_sar_ncxl_20251106t201219233_d_cp_d18,SAR/DFSAR,PDS/XML metadata,4.0 m/pixel,yes,"center lat/lon -88.786296, -147.29777",,,,,,,,,,,,,,,
ch2_sar_ncxl_20251106t201219233_d_cp_d18\data\calibrated\20251106\ch2_sar_ncxl_20251106t201219233_d_sli_xx_cp_lh_d18.tif,ch2_sar_ncxl_20251106t201219233_d_cp_d18,SAR/DFSAR,science raster,1.0 x 1.0 m/pixel,yes,not checked,,,,,,,,,,1152.0,226702.0,missing,-1442.6859375,0.0,1555.1444580078123
ch2_sar_ncxl_20251106t201219233_d_cp_d18\data\calibrated\20251106\ch2_sar_ncxl_20251106t201219233_d_sli_xx_cp_lv_d18.tif,ch2_sar_ncxl_20251106t201219233_d_cp_d18,SAR/DFSAR,science raster,1.0 x 1.0 m/pixel,yes,not checked,,,,,,,,,,1152.0,226702.0,missing,-1455.522314453125,0.0,1484.5867187499982
ch2_sar_ncxl_20251106t201219233_d_cp_d18\data\calibrated\20251106\ch2_sar_ncxl_20251106t201219233_d_sli_xx_cp_xx_d18.xml,ch2_sar_ncxl_20251106t201219233_d_cp_d18,SAR/DFSAR,PDS/XML metadata,1.798755 m/pixel,yes,"center lat/lon -88.786401, -147.240109",,,,,,,,,,,,,,,
ch2_sar_ncxl_20251106t201219233_d_cp_d18\data\calibrated\20251106\ch2_sar_ncxl_20251106t201219233_d_sri_in_cp_xx_d18.tif,ch2_sar_ncxl_20251106t201219233_d_cp_d18,SAR/DFSAR,radar candidate detection,4.0 x 4.0 m/pixel,yes,not checked,,,,,,,,,,21387.0,28393.0,known,-2.0,-2.0,-2.0
ch2_sar_ncxl_20251106t201219233_d_cp_d18\data\calibrated\20251106\ch2_sar_ncxl_20251106t201219233_d_sri_ma_cp_xx_d18.tif,ch2_sar_ncxl_20251106t201219233_d_cp_d18,SAR/DFSAR,radar candidate detection,4.0 x 4.0 m/pixel,yes,not checked,,,,,,,,,,21387.0,28393.0,known,0.0,0.0,0.0
ch2_sar_ncxl_20251106t201219233_d_cp_d18\data\calibrated\20251106\ch2_sar_ncxl_20251106t201219233_d_sri_xx_cp_lh_d18.tif,ch2_sar_ncxl_20251106t201219233_d_cp_d18,SAR/DFSAR,radar candidate detection,4.0 x 4.0 m/pixel,yes,not checked,,,,,,,,,,21387.0,28393.0,known,0.0,0.0,0.0
ch2_sar_ncxl_20251106t201219233_d_cp_d18\data\calibrated\20251106\ch2_sar_ncxl_20251106t201219233_d_sri_xx_cp_lv_d18.tif,ch2_sar_ncxl_20251106t201219233_d_cp_d18,SAR/DFSAR,radar candidate detection,4.0 x 4.0 m/pixel,yes,not checked,,,,,,,,,,21387.0,28393.0,known,0.0,0.0,0.0
ch2_sar_ncxl_20251106t201219233_d_cp_d18\data\calibrated\20251106\ch2_sar_ncxl_20251106t201219233_d_sri_xx_cp_xx_d18.xml,ch2_sar_ncxl_20251106t201219233_d_cp_d18,SAR/DFSAR,PDS/XML metadata,4.0 m/pixel,yes,"center lat/lon -88.790828, -146.40755",,,,,,,,,,,,,,,
ch2_sar_ncxl_20251106t201219233_d_cp_d18\geometry\calibrated\20251106\ch2_sar_ncxl_20251106t201219233_g_gri_xx_cp_xx_d18.csv,ch2_sar_ncxl_20251106t201219233_d_cp_d18,SAR/DFSAR,geometry/table,,yes,not checked,,,,,,,,,,,,,,,
ch2_sar_ncxl_20251106t201219233_d_cp_d18\geometry\calibrated\20251106\ch2_sar_ncxl_20251106t201219233_g_oat_xx_cp_xx_d18.csv,ch2_sar_ncxl_20251106t201219233_d_cp_d18,SAR/DFSAR,geometry/table,,yes,not checked,,,,,,,,,,,,,,,
ch2_sar_ncxl_20251106t201219233_d_cp_d18\geometry\calibrated\20251106\ch2_sar_ncxl_20251106t201219233_g_oat_xx_cp_xx_d18.xml,ch2_sar_ncxl_20251106t201219233_d_cp_d18,SAR/DFSAR,PDS/XML metadata,,yes,not checked,,,,,,,,,,,,,,,
ch2_sar_ncxl_20251106t201219233_d_cp_d18\geometry\calibrated\20251106\ch2_sar_ncxl_20251106t201219233_g_sli_xx_cp_xx_d18.csv,ch2_sar_ncxl_20251106t201219233_d_cp_d18,SAR/DFSAR,geometry/table,,yes,not checked,,,,,,,,,,,,,,,
ch2_sar_ncxl_20251106t201219233_d_cp_d18\geometry\calibrated\20251106\ch2_sar_ncxl_20251106t201219233_g_sri_xx_cp_xx_d18.csv,ch2_sar_ncxl_20251106t201219233_d_cp_d18,SAR/DFSAR,geometry/table,,yes,not checked,,,,,,,,,,,,,,,
ch2_sar_ncxl_20251106t201219233_d_cp_d18\geometry\calibrated\20251106\ch2_sar_ncxl_20251106t201219233_g_xxx_xx_cp_xx_d18.xml,ch2_sar_ncxl_20251106t201219233_d_cp_d18,SAR/DFSAR,PDS/XML metadata,,yes,not checked,,,,,,,,,,,,,,,
configs\pipeline.json,pipeline,document,metadata,,yes,not checked,,,,,,,,,,,,,,,
DEM Data\LDEM_80S_80MPP_ADJ.tiff,LDEM_80S_80MPP_ADJ,DEM/topography,topography / slope,80.0 x 80.0 m/pixel,yes,not checked,,,,,,,,,,7600.0,7600.0,known,539.8852294921875,630.2022094726562,1694.7825683593737
DEM Data\LDSM_80S_80MPP_ADJ.tiff,LDSM_80S_80MPP_ADJ,DEM/topography,topography / slope,80.0 x 80.0 m/pixel,yes,not checked,,,,,,,,,,7600.0,7600.0,known,0.34083795845508574,2.931877017021179,21.055777931213374
LUNAQUEST_IMPLEMENTATION_PLAN.md,LUNAQUEST_IMPLEMENTATION_PLAN,document,project document,,yes,not checked,,,,,,,,,,,,,,,
prototype_quicklook.png,prototype_quicklook,document,browse/quicklook,,yes - browse only,not checked,,,,,,,,,,,,,,,
README.md,README,document,project document,,yes,not checked,,,,,,,,,,,,,,,
requirements.txt,requirements,document,metadata,,yes,not checked,,,,,,,,,,,,,,,
Screenshot 2026-06-24 005649.png,Screenshot 2026-06-24 005649,document,browse/quicklook,,yes - browse only,not checked,,,,,,,,,,,,,,,
TMC2 data\ch2_tmc_nca_20211111T1322553940_d_img_d18\browse\calibrated\20211111\ch2_tmc_nca_20211111T1322553940_b_brw_d18.png,ch2_tmc_nca_20211111T1322553940_d_img_d18,document,browse/quicklook,,yes - browse only,not checked,,,,,,,,,,,,,,,
TMC2 data\ch2_tmc_nca_20211111T1322553940_d_img_d18\browse\calibrated\20211111\ch2_tmc_nca_20211111T1322553940_b_brw_d18.xml,ch2_tmc_nca_20211111T1322553940_d_img_d18,document,PDS/XML metadata,,yes,not checked,,,,,,,,,,,,,,,
TMC2 data\ch2_tmc_nca_20211111T1322553940_d_img_d18\data\calibrated\20211111\ch2_tmc_nca_20211111T1322553940_d_img_d18.img,ch2_tmc_nca_20211111T1322553940_d_img_d18,document,science image,,yes,not checked,,,,,,,,,,,,,,,
TMC2 data\ch2_tmc_nca_20211111T1322553940_d_img_d18\data\calibrated\20211111\ch2_tmc_nca_20211111T1322553940_d_img_d18.xml,ch2_tmc_nca_20211111T1322553940_d_img_d18,document,PDS/XML metadata,,yes,not checked,,,,,,,,,,,,,,,
TMC2 data\ch2_tmc_nca_20211111T1322553940_d_img_d18\geometry\calibrated\20211111\ch2_tmc_nca_20211111T1322553940_g_grd_d18.csv,ch2_tmc_nca_20211111T1322553940_d_img_d18,document,geometry/table,,yes,not checked,,,,,,,,,,,,,,,
TMC2 data\ch2_tmc_nca_20211111T1322553940_d_img_d18\geometry\calibrated\20211111\ch2_tmc_nca_20211111T1322553940_g_grd_d18.xml,ch2_tmc_nca_20211111T1322553940_d_img_d18,document,PDS/XML metadata,,yes,not checked,,,,,,,,,,,,,,,
TMC2 data\ch2_tmc_nca_20231205T1906512939_d_img_d18\browse\calibrated\20231205\ch2_tmc_nca_20231205T1906512939_b_brw_d18.png,ch2_tmc_nca_20231205T1906512939_d_img_d18,document,browse/quicklook,,yes - browse only,not checked,,,,,,,,,,,,,,,
TMC2 data\ch2_tmc_nca_20231205T1906512939_d_img_d18\browse\calibrated\20231205\ch2_tmc_nca_20231205T1906512939_b_brw_d18.xml,ch2_tmc_nca_20231205T1906512939_d_img_d18,document,PDS/XML metadata,,yes,not checked,,,,,,,,,,,,,,,
TMC2 data\ch2_tmc_nca_20231205T1906512939_d_img_d18\data\calibrated\20231205\ch2_tmc_nca_20231205T1906512939_d_img_d18.img,ch2_tmc_nca_20231205T1906512939_d_img_d18,document,science image,,yes,not checked,,,,,,,,,,,,,,,
TMC2 data\ch2_tmc_nca_20231205T1906512939_d_img_d18\data\calibrated\20231205\ch2_tmc_nca_20231205T1906512939_d_img_d18.xml,ch2_tmc_nca_20231205T1906512939_d_img_d18,document,PDS/XML metadata,,yes,not checked,,,,,,,,,,,,,,,
TMC2 data\ch2_tmc_nca_20231205T1906512939_d_img_d18\geometry\calibrated\20231205\ch2_tmc_nca_20231205T1906512939_g_grd_d18.csv,ch2_tmc_nca_20231205T1906512939_d_img_d18,document,geometry/table,,yes,not checked,,,,,,,,,,,,,,,
TMC2 data\ch2_tmc_nca_20231205T1906512939_d_img_d18\geometry\calibrated\20231205\ch2_tmc_nca_20231205T1906512939_g_grd_d18.xml,ch2_tmc_nca_20231205T1906512939_d_img_d18,document,PDS/XML metadata,,yes,not checked,,,,,,,,,,,,,,,
TMC2 data\ch2_tmc_nca_20231222T0751399116_d_img_d18\browse\calibrated\20231222\ch2_tmc_nca_20231222T0751399116_b_brw_d18.png,ch2_tmc_nca_20231222T0751399116_d_img_d18,document,browse/quicklook,,yes - browse only,not checked,,,,,,,,,,,,,,,
TMC2 data\ch2_tmc_nca_20231222T0751399116_d_img_d18\browse\calibrated\20231222\ch2_tmc_nca_20231222T0751399116_b_brw_d18.xml,ch2_tmc_nca_20231222T0751399116_d_img_d18,document,PDS/XML metadata,,yes,not checked,,,,,,,,,,,,,,,
TMC2 data\ch2_tmc_nca_20231222T0751399116_d_img_d18\data\calibrated\20231222\ch2_tmc_nca_20231222T0751399116_d_img_d18.img,ch2_tmc_nca_20231222T0751399116_d_img_d18,document,science image,,yes,not checked,,,,,,,,,,,,,,,
TMC2 data\ch2_tmc_nca_20231222T0751399116_d_img_d18\data\calibrated\20231222\ch2_tmc_nca_20231222T0751399116_d_img_d18.xml,ch2_tmc_nca_20231222T0751399116_d_img_d18,document,PDS/XML metadata,,yes,not checked,,,,,,,,,,,,,,,
TMC2 data\ch2_tmc_nca_20231222T0751399116_d_img_d18\geometry\calibrated\20231222\ch2_tmc_nca_20231222T0751399116_g_grd_d18.csv,ch2_tmc_nca_20231222T0751399116_d_img_d18,document,geometry/table,,yes,not checked,,,,,,,,,,,,,,,
TMC2 data\ch2_tmc_nca_20231222T0751399116_d_img_d18\geometry\calibrated\20231222\ch2_tmc_nca_20231222T0751399116_g_grd_d18.xml,ch2_tmc_nca_20231222T0751399116_d_img_d18,document,PDS/XML metadata,,yes,not checked,,,,,,,,,,,,,,,
TMC2 data\ch2_tmc_ncf_20210518T1656112224_d_img_d18\browse\calibrated\20210518\ch2_tmc_ncf_20210518T1656112224_b_brw_d18.png,ch2_tmc_ncf_20210518T1656112224_d_img_d18,document,browse/quicklook,,yes - browse only,not checked,,,,,,,,,,,,,,,
TMC2 data\ch2_tmc_ncf_20210518T1656112224_d_img_d18\browse\calibrated\20210518\ch2_tmc_ncf_20210518T1656112224_b_brw_d18.xml,ch2_tmc_ncf_20210518T1656112224_d_img_d18,document,PDS/XML metadata,,yes,not checked,,,,,,,,,,,,,,,
TMC2 data\ch2_tmc_ncf_20210518T1656112224_d_img_d18\data\calibrated\20210518\ch2_tmc_ncf_20210518T1656112224_d_img_d18.img,ch2_tmc_ncf_20210518T1656112224_d_img_d18,document,science image,,yes,not checked,,,,,,,,,,,,,,,
TMC2 data\ch2_tmc_ncf_20210518T1656112224_d_img_d18\data\calibrated\20210518\ch2_tmc_ncf_20210518T1656112224_d_img_d18.xml,ch2_tmc_ncf_20210518T1656112224_d_img_d18,document,PDS/XML metadata,,yes,not checked,,,,,,,,,,,,,,,
TMC2 data\ch2_tmc_ncf_20210518T1656112224_d_img_d18\geometry\calibrated\20210518\ch2_tmc_ncf_20210518T1656112224_g_grd_d18.csv,ch2_tmc_ncf_20210518T1656112224_d_img_d18,document,geometry/table,,yes,not checked,,,,,,,,,,,,,,,
TMC2 data\ch2_tmc_ncf_20210518T1656112224_d_img_d18\geometry\calibrated\20210518\ch2_tmc_ncf_20210518T1656112224_g_grd_d18.xml,ch2_tmc_ncf_20210518T1656112224_d_img_d18,document,PDS/XML metadata,,yes,not checked,,,,,,,,,,,,,,,
TMC2 data\ch2_tmc_ncf_20211111T1322553909_d_img_d18\browse\calibrated\20211111\ch2_tmc_ncf_20211111T1322553909_b_brw_d18.png,ch2_tmc_ncf_20211111T1322553909_d_img_d18,document,browse/quicklook,,yes - browse only,not checked,,,,,,,,,,,,,,,
TMC2 data\ch2_tmc_ncf_20211111T1322553909_d_img_d18\browse\calibrated\20211111\ch2_tmc_ncf_20211111T1322553909_b_brw_d18.xml,ch2_tmc_ncf_20211111T1322553909_d_img_d18,document,PDS/XML metadata,,yes,not checked,,,,,,,,,,,,,,,
TMC2 data\ch2_tmc_ncf_20211111T1322553909_d_img_d18\data\calibrated\20211111\ch2_tmc_ncf_20211111T1322553909_d_img_d18.img,ch2_tmc_ncf_20211111T1322553909_d_img_d18,document,science image,,yes,not checked,,,,,,,,,,,,,,,
TMC2 data\ch2_tmc_ncf_20211111T1322553909_d_img_d18\data\calibrated\20211111\ch2_tmc_ncf_20211111T1322553909_d_img_d18.xml,ch2_tmc_ncf_20211111T1322553909_d_img_d18,document,PDS/XML metadata,,yes,not checked,,,,,,,,,,,,,,,
TMC2 data\ch2_tmc_ncf_20211111T1322553909_d_img_d18\geometry\calibrated\20211111\ch2_tmc_ncf_20211111T1322553909_g_grd_d18.csv,ch2_tmc_ncf_20211111T1322553909_d_img_d18,document,geometry/table,,yes,not checked,,,,,,,,,,,,,,,
TMC2 data\ch2_tmc_ncf_20211111T1322553909_d_img_d18\geometry\calibrated\20211111\ch2_tmc_ncf_20211111T1322553909_g_grd_d18.xml,ch2_tmc_ncf_20211111T1322553909_d_img_d18,document,PDS/XML metadata,,yes,not checked,,,,,,,,,,,,,,,
TMC2 data\ch2_tmc_ncf_20231205T1906512939_d_img_d18\browse\calibrated\20231205\ch2_tmc_ncf_20231205T1906512939_b_brw_d18.png,ch2_tmc_ncf_20231205T1906512939_d_img_d18,document,browse/quicklook,,yes - browse only,not checked,,,,,,,,,,,,,,,
TMC2 data\ch2_tmc_ncf_20231205T1906512939_d_img_d18\browse\calibrated\20231205\ch2_tmc_ncf_20231205T1906512939_b_brw_d18.xml,ch2_tmc_ncf_20231205T1906512939_d_img_d18,document,PDS/XML metadata,,yes,not checked,,,,,,,,,,,,,,,
TMC2 data\ch2_tmc_ncf_20231205T1906512939_d_img_d18\data\calibrated\20231205\ch2_tmc_ncf_20231205T1906512939_d_img_d18.img,ch2_tmc_ncf_20231205T1906512939_d_img_d18,document,science image,,yes,not checked,,,,,,,,,,,,,,,
TMC2 data\ch2_tmc_ncf_20231205T1906512939_d_img_d18\data\calibrated\20231205\ch2_tmc_ncf_20231205T1906512939_d_img_d18.xml,ch2_tmc_ncf_20231205T1906512939_d_img_d18,document,PDS/XML metadata,,yes,not checked,,,,,,,,,,,,,,,
TMC2 data\ch2_tmc_ncf_20231205T1906512939_d_img_d18\geometry\calibrated\20231205\ch2_tmc_ncf_20231205T1906512939_g_grd_d18.csv,ch2_tmc_ncf_20231205T1906512939_d_img_d18,document,geometry/table,,yes,not checked,,,,,,,,,,,,,,,
TMC2 data\ch2_tmc_ncf_20231205T1906512939_d_img_d18\geometry\calibrated\20231205\ch2_tmc_ncf_20231205T1906512939_g_grd_d18.xml,ch2_tmc_ncf_20231205T1906512939_d_img_d18,document,PDS/XML metadata,,yes,not checked,,,,,,,,,,,,,,,
TMC2 data\ch2_tmc_ncf_20231222T0751399116_d_img_d18\browse\calibrated\20231222\ch2_tmc_ncf_20231222T0751399116_b_brw_d18.png,ch2_tmc_ncf_20231222T0751399116_d_img_d18,document,browse/quicklook,,yes - browse only,not checked,,,,,,,,,,,,,,,
TMC2 data\ch2_tmc_ncf_20231222T0751399116_d_img_d18\browse\calibrated\20231222\ch2_tmc_ncf_20231222T0751399116_b_brw_d18.xml,ch2_tmc_ncf_20231222T0751399116_d_img_d18,document,PDS/XML metadata,,yes,not checked,,,,,,,,,,,,,,,
TMC2 data\ch2_tmc_ncf_20231222T0751399116_d_img_d18\data\calibrated\20231222\ch2_tmc_ncf_20231222T0751399116_d_img_d18.img,ch2_tmc_ncf_20231222T0751399116_d_img_d18,document,science image,,yes,not checked,,,,,,,,,,,,,,,
TMC2 data\ch2_tmc_ncf_20231222T0751399116_d_img_d18\data\calibrated\20231222\ch2_tmc_ncf_20231222T0751399116_d_img_d18.xml,ch2_tmc_ncf_20231222T0751399116_d_img_d18,document,PDS/XML metadata,,yes,not checked,,,,,,,,,,,,,,,
TMC2 data\ch2_tmc_ncf_20231222T0751399116_d_img_d18\geometry\calibrated\20231222\ch2_tmc_ncf_20231222T0751399116_g_grd_d18.csv,ch2_tmc_ncf_20231222T0751399116_d_img_d18,document,geometry/table,,yes,not checked,,,,,,,,,,,,,,,
TMC2 data\ch2_tmc_ncf_20231222T0751399116_d_img_d18\geometry\calibrated\20231222\ch2_tmc_ncf_20231222T0751399116_g_grd_d18.xml,ch2_tmc_ncf_20231222T0751399116_d_img_d18,document,PDS/XML metadata,,yes,not checked,,,,,,,,,,,,,,,
TMC2 data\ch2_tmc_ncn_20211111T1322553940_d_img_d18\browse\calibrated\20211111\ch2_tmc_ncn_20211111T1322553940_b_brw_d18.png,ch2_tmc_ncn_20211111T1322553940_d_img_d18,document,browse/quicklook,,yes - browse only,not checked,,,,,,,,,,,,,,,
TMC2 data\ch2_tmc_ncn_20211111T1322553940_d_img_d18\browse\calibrated\20211111\ch2_tmc_ncn_20211111T1322553940_b_brw_d18.xml,ch2_tmc_ncn_20211111T1322553940_d_img_d18,document,PDS/XML metadata,,yes,not checked,,,,,,,,,,,,,,,
TMC2 data\ch2_tmc_ncn_20211111T1322553940_d_img_d18\data\calibrated\20211111\ch2_tmc_ncn_20211111T1322553940_d_img_d18.img,ch2_tmc_ncn_20211111T1322553940_d_img_d18,document,science image,,yes,not checked,,,,,,,,,,,,,,,
TMC2 data\ch2_tmc_ncn_20211111T1322553940_d_img_d18\data\calibrated\20211111\ch2_tmc_ncn_20211111T1322553940_d_img_d18.xml,ch2_tmc_ncn_20211111T1322553940_d_img_d18,document,PDS/XML metadata,,yes,not checked,,,,,,,,,,,,,,,
TMC2 data\ch2_tmc_ncn_20211111T1322553940_d_img_d18\geometry\calibrated\20211111\ch2_tmc_ncn_20211111T1322553940_g_grd_d18.csv,ch2_tmc_ncn_20211111T1322553940_d_img_d18,document,geometry/table,,yes,not checked,,,,,,,,,,,,,,,
TMC2 data\ch2_tmc_ncn_20211111T1322553940_d_img_d18\geometry\calibrated\20211111\ch2_tmc_ncn_20211111T1322553940_g_grd_d18.xml,ch2_tmc_ncn_20211111T1322553940_d_img_d18,document,PDS/XML metadata,,yes,not checked,,,,,,,,,,,,,,,
TMC2 data\ch2_tmc_ncn_20211111T1322553940_d_img_d18\miscellaneous\calibrated\20211111\ch2_tmc_ncn_20211111T1322553940_d_img_d18.lbr,ch2_tmc_ncn_20211111T1322553940_d_img_d18,document,metadata,,yes,not checked,,,,,,,,,,,,,,,
TMC2 data\ch2_tmc_ncn_20211111T1322553940_d_img_d18\miscellaneous\calibrated\20211111\ch2_tmc_ncn_20211111T1322553940_d_img_d18.oat,ch2_tmc_ncn_20211111T1322553940_d_img_d18,document,metadata,,yes,not checked,,,,,,,,,,,,,,,
TMC2 data\ch2_tmc_ncn_20211111T1322553940_d_img_d18\miscellaneous\calibrated\20211111\ch2_tmc_ncn_20211111T1322553940_d_img_d18.oath,ch2_tmc_ncn_20211111T1322553940_d_img_d18,document,metadata,,yes,not checked,,,,,,,,,,,,,,,
TMC2 data\ch2_tmc_ncn_20211111T1322553940_d_img_d18\miscellaneous\calibrated\20211111\ch2_tmc_ncn_20211111T1322553940_d_img_d18.spm,ch2_tmc_ncn_20211111T1322553940_d_img_d18,document,metadata,,yes,not checked,,,,,,,,,,,,,,,
TMC2 data\ch2_tmc_ncn_20211111T1322553940_d_img_d18\miscellaneous\readme.txt,ch2_tmc_ncn_20211111T1322553940_d_img_d18,document,metadata,,yes,not checked,,,,,,,,,,,,,,,
TMC2 data\ch2_tmc_ncn_20231205T1906512971_d_img_d18\browse\calibrated\20231205\ch2_tmc_ncn_20231205T1906512971_b_brw_d18.png,ch2_tmc_ncn_20231205T1906512971_d_img_d18,document,browse/quicklook,,yes - browse only,not checked,,,,,,,,,,,,,,,
TMC2 data\ch2_tmc_ncn_20231205T1906512971_d_img_d18\browse\calibrated\20231205\ch2_tmc_ncn_20231205T1906512971_b_brw_d18.xml,ch2_tmc_ncn_20231205T1906512971_d_img_d18,document,PDS/XML metadata,,yes,not checked,,,,,,,,,,,,,,,
TMC2 data\ch2_tmc_ncn_20231205T1906512971_d_img_d18\data\calibrated\20231205\ch2_tmc_ncn_20231205T1906512971_d_img_d18.img,ch2_tmc_ncn_20231205T1906512971_d_img_d18,document,science image,,yes,not checked,,,,,,,,,,,,,,,
TMC2 data\ch2_tmc_ncn_20231205T1906512971_d_img_d18\data\calibrated\20231205\ch2_tmc_ncn_20231205T1906512971_d_img_d18.xml,ch2_tmc_ncn_20231205T1906512971_d_img_d18,document,PDS/XML metadata,,yes,not checked,,,,,,,,,,,,,,,
TMC2 data\ch2_tmc_ncn_20231205T1906512971_d_img_d18\geometry\calibrated\20231205\ch2_tmc_ncn_20231205T1906512971_g_grd_d18.csv,ch2_tmc_ncn_20231205T1906512971_d_img_d18,document,geometry/table,,yes,not checked,,,,,,,,,,,,,,,
TMC2 data\ch2_tmc_ncn_20231205T1906512971_d_img_d18\geometry\calibrated\20231205\ch2_tmc_ncn_20231205T1906512971_g_grd_d18.xml,ch2_tmc_ncn_20231205T1906512971_d_img_d18,document,PDS/XML metadata,,yes,not checked,,,,,,,,,,,,,,,
TMC2 data\ch2_tmc_ncn_20231205T1906512971_d_img_d18\miscellaneous\calibrated\20231205\ch2_tmc_ncn_20231205T1906512971_d_img_d18.lbr,ch2_tmc_ncn_20231205T1906512971_d_img_d18,document,metadata,,yes,not checked,,,,,,,,,,,,,,,
TMC2 data\ch2_tmc_ncn_20231205T1906512971_d_img_d18\miscellaneous\calibrated\20231205\ch2_tmc_ncn_20231205T1906512971_d_img_d18.oat,ch2_tmc_ncn_20231205T1906512971_d_img_d18,document,metadata,,yes,not checked,,,,,,,,,,,,,,,
TMC2 data\ch2_tmc_ncn_20231205T1906512971_d_img_d18\miscellaneous\calibrated\20231205\ch2_tmc_ncn_20231205T1906512971_d_img_d18.oath,ch2_tmc_ncn_20231205T1906512971_d_img_d18,document,metadata,,yes,not checked,,,,,,,,,,,,,,,
TMC2 data\ch2_tmc_ncn_20231205T1906512971_d_img_d18\miscellaneous\calibrated\20231205\ch2_tmc_ncn_20231205T1906512971_d_img_d18.spm,ch2_tmc_ncn_20231205T1906512971_d_img_d18,document,metadata,,yes,not checked,,,,,,,,,,,,,,,
TMC2 data\ch2_tmc_ncn_20231205T1906512971_d_img_d18\miscellaneous\readme.txt,ch2_tmc_ncn_20231205T1906512971_d_img_d18,document,metadata,,yes,not checked,,,,,,,,,,,,,,,
TMC2 data\ch2_tmc_ncn_20231222T0751399116_d_img_d18\browse\calibrated\20231222\ch2_tmc_ncn_20231222T0751399116_b_brw_d18.png,ch2_tmc_ncn_20231222T0751399116_d_img_d18,document,browse/quicklook,,yes - browse only,not checked,,,,,,,,,,,,,,,
TMC2 data\ch2_tmc_ncn_20231222T0751399116_d_img_d18\browse\calibrated\20231222\ch2_tmc_ncn_20231222T0751399116_b_brw_d18.xml,ch2_tmc_ncn_20231222T0751399116_d_img_d18,document,PDS/XML metadata,,yes,not checked,,,,,,,,,,,,,,,
TMC2 data\ch2_tmc_ncn_20231222T0751399116_d_img_d18\data\calibrated\20231222\ch2_tmc_ncn_20231222T0751399116_d_img_d18.img,ch2_tmc_ncn_20231222T0751399116_d_img_d18,document,science image,,yes,not checked,,,,,,,,,,,,,,,
TMC2 data\ch2_tmc_ncn_20231222T0751399116_d_img_d18\data\calibrated\20231222\ch2_tmc_ncn_20231222T0751399116_d_img_d18.xml,ch2_tmc_ncn_20231222T0751399116_d_img_d18,document,PDS/XML metadata,,yes,not checked,,,,,,,,,,,,,,,
TMC2 data\ch2_tmc_ncn_20231222T0751399116_d_img_d18\geometry\calibrated\20231222\ch2_tmc_ncn_20231222T0751399116_g_grd_d18.csv,ch2_tmc_ncn_20231222T0751399116_d_img_d18,document,geometry/table,,yes,not checked,,,,,,,,,,,,,,,
TMC2 data\ch2_tmc_ncn_20231222T0751399116_d_img_d18\geometry\calibrated\20231222\ch2_tmc_ncn_20231222T0751399116_g_grd_d18.xml,ch2_tmc_ncn_20231222T0751399116_d_img_d18,document,PDS/XML metadata,,yes,not checked,,,,,,,,,,,,,,,
TMC2 data\ch2_tmc_ncn_20231222T0751399116_d_img_d18\miscellaneous\calibrated\20231222\ch2_tmc_ncn_20231222T0751399116_d_img_d18.lbr,ch2_tmc_ncn_20231222T0751399116_d_img_d18,document,metadata,,yes,not checked,,,,,,,,,,,,,,,
TMC2 data\ch2_tmc_ncn_20231222T0751399116_d_img_d18\miscellaneous\calibrated\20231222\ch2_tmc_ncn_20231222T0751399116_d_img_d18.oat,ch2_tmc_ncn_20231222T0751399116_d_img_d18,document,metadata,,yes,not checked,,,,,,,,,,,,,,,
TMC2 data\ch2_tmc_ncn_20231222T0751399116_d_img_d18\miscellaneous\calibrated\20231222\ch2_tmc_ncn_20231222T0751399116_d_img_d18.oath,ch2_tmc_ncn_20231222T0751399116_d_img_d18,document,metadata,,yes,not checked,,,,,,,,,,,,,,,
TMC2 data\ch2_tmc_ncn_20231222T0751399116_d_img_d18\miscellaneous\calibrated\20231222\ch2_tmc_ncn_20231222T0751399116_d_img_d18.spm,ch2_tmc_ncn_20231222T0751399116_d_img_d18,document,metadata,,yes,not checked,,,,,,,,,,,,,,,
TMC2 data\ch2_tmc_ncn_20231222T0751399116_d_img_d18\miscellaneous\readme.txt,ch2_tmc_ncn_20231222T0751399116_d_img_d18,document,metadata,,yes,not checked,,,,,,,,,,,,,,,
